T1D results: Corrected 95% credible sets used corrected_cs_bhat function with acc = 0.0001 and max.iter = 50,,,,,,,,,
,,,,,,,,,
index_snp,muhat,orig_claim,orig_corrcov,95% CI ,req_thr,new_corrcov,new_claim,old_nvar,new_nvar
rs10277986,6.192332408,0.988995996,0.918401979,"(0.903587366957054,0.921529528139681)",0.975839138,0.95004212,0.988995996,10,10
rs11203202,7.401053826,0.999320712,0.979520185,"(0.97515619366713,0.987169060144512)",0.890188994,0.950328225,0.897190266,4,3
rs11954020,4.303492989,0.950268561,0.969210873,"(0.961792933920149,0.971386705084608)",0.929199219,0.950050258,0.931967117,58,52
rs12416116,6.658150365,0.971887006,0.978605422,"(0.960780223879522,0.978455164483091)",0.907930455,0.949831664,0.971887006,2,2
rs12453507,5.108095073,0.950355285,0.95887535,"(0.948161511996234,0.959531383053619)",NA,NA,NA,44,NA
rs12927355,8.599210606,0.96014929,0.913304249,"(0.908497091242478,0.920122480841394)",0.977416992,0.950031053,0.978562427,16,18
rs13415583,4.708328764,0.952410729,0.949488471,"(0.942030986177978,0.953758530168171)",NA,NA,NA,64,NA
rs1456988,4.731192578,0.953537992,0.951645298,"(0.942592491203296,0.954468619635988)",NA,NA,NA,24,NA
rs151234,6.449379718,0.977540797,0.957540355,"(0.941849381982498,0.957124371592976)",NA,NA,NA,2,NA
rs1538171,6.15342148,0.950909997,0.904036418,"(0.898714022477603,0.912898726977346)",0.977844238,0.950095358,0.978676324,56,73
rs1615504,5.068904103,0.962224766,0.954387888,"(0.948512833178895,0.958956566157843)",NA,NA,NA,21,NA
rs1893217,8.653968327,0.972402538,0.863017796,"(0.851970410519804,0.865431701930795)",0.991699219,0.950043199,0.996241904,10,11
rs193778,5.413261903,0.966324905,0.97047149,"(0.964452077144479,0.973762710762051)",0.906616211,0.950012386,0.92325972,14,12
rs2111485,7.648895279,0.966912137,0.947811747,"(0.946590472819097,0.957165750867114)",NA,NA,NA,3,NA
rs229533,5.273287372,0.986180526,0.975612925,"(0.973202567917865,0.984475239114004)",0.89962855,0.949768359,0.986180526,5,5
rs2476601,20.77787434,1,0.747271938,"(0.74268512503048,0.760349855659862)",1,0.950592093,1,2,2
rs3024505,5.794417233,0.95659885,0.967260476,"(0.961728280595226,0.975008550187737)",0.923165101,0.949836393,0.95659885,3,3
rs3087243,8.168145855,0.954642647,0.878578863,"(0.873860802223596,0.886493991520152)",0.989746094,0.950051425,0.991476261,17,21
rs34593439,7.303684451,0.991319492,0.978656321,"(0.969600420749565,0.980710088711402)",0.895996094,0.95009187,0.991319492,2,2
rs402072,5.289198723,0.964750364,0.966315794,"(0.96078830770461,0.974399236940816)",0.921038071,0.950104927,0.941376647,9,8
rs4820830,6.161196926,0.951817036,0.927050964,"(0.916587454838455,0.932896579474247)",0.968948364,0.95004313,0.97001772,40,47
rs516246,6.681178971,0.974240058,0.932568915,"(0.937076911215931,0.948324469828517)",0.959106445,0.950067461,0.974240058,10,10
rs56994090,5.946041526,0.95681652,0.980999374,"(0.974431469339941,0.983394509323106)",0.894430072,0.950317529,0.936806418,6,5
rs6043409,5.449691488,0.95097304,0.978812491,"(0.977985898451699,0.986053076776851)",0.870849609,0.95007781,0.905587942,7,5
rs61839660,11.91921196,0.977429257,0.915414156,"(0.906891578570056,0.923286490716304)",0.98815918,0.950047237,0.998525605,3,4
rs62447205,5.733063181,0.95184836,0.918729992,"(0.912086237838102,0.922305957314634)",0.973754883,0.950067748,0.974308465,25,28
rs6476839,5.733595953,0.963837608,0.959055432,"(0.954921721128874,0.964998299045359)",0.934875488,0.950000834,0.948912955,14,13
rs6518350,4.121487289,0.950027932,0.980075619,"(0.974075974945772,0.98621853316043)",0.91046524,0.950068698,0.939800072,10,9
rs653178,12.99095005,0.999579727,0.793109002,"(0.783109063096895,0.799584900877304)",0.999976238,0.949723333,0.999998789,2,4
rs705705,9.333458548,0.988563153,0.872422444,"(0.859071595639868,0.873166286147088)",0.995727539,0.95001965,0.996289118,8,11
rs72727394,5.380735336,0.968164801,0.96802732,"(0.962883145877111,0.974239432570499)",0.916625977,0.950044676,0.94153238,18,17
rs72928038,6.864938934,0.950318717,0.971965065,"(0.96865862976996,0.980429061262164)",0.879120825,0.949998141,0.893227409,14,2
rs757411,4.762107013,0.953113918,0.956400902,"(0.953120816079926,0.965835603400062)",0.944438432,0.950253071,0.945781522,36,34
rs75793288,7.145365387,0.957647223,0.920642093,"(0.915825009066683,0.937961942555551)",0.970871023,0.950257382,0.974378822,17,19
rs8056814,8.496126333,0.971918842,0.914695333,"(0.905689156852352,0.930337777396689)",0.977603274,0.950451694,0.978323668,3,4
rs917911,4.605187422,0.950277872,0.980106753,"(0.96638545593136,0.981814683156875)",0.898681641,0.950039627,0.901593596,31,13
rs9585056,5.74644028,0.978589122,0.990782412,"(0.985386539266507,0.996666219879575)",0.609375,0.950080926,0.978589122,1,1