T1D results: Corrected 99% credible sets used corrected_cs_bhat function with acc = 0.0001 and max.iter = 50,,,,,,,,,,,,,,,,,,
,,,,,,,,,,,,,,,,,,
Chromosome,Position,SNP,Alleles,MAF,OR,P,Candidate gene(s),Previous index SNPs (r2),Their 99% CS,Our 99% CS,Claimed cov,Corr cov ,Corr cov (90% CI),Corrected CS,Cov est,Cov est 90% CI,New claimed,Notes
1p13.2,"114,377,568",rs2476601,G>A,0.09,1.89,<10−100,PTPN22,rs2476601 (1),,"""rs2476601"" ""rs6679677""",1,0.8091446,"(0.79469,0.80902)","""rs2476601"" ""rs6679677""",0.975864,"(0.97073,0.97748)",1,Perhaps nvar method is best (limiting by nvar = 2 sims) but we have no evidence of this method working through simulations 
1q32.1,"206,939,904",rs3024505,G>A,0.16,0.86,6.4 × 10−8,IL10,"rs3024493 (1), rs3024505 (1)",,rs3024493  rs3024505  rs10494879 rs6667202  rs1800890  rs4072226  rs3122605 ,0.9919685,0.9907896,"(0.98968,0.99542)",NA,NA,NA,NA,
2q11.2,"100,764,087",rs13415583,T>G,0.35,0.9,1.1 × 10−7,AFF3,"rs6740838 (0.32), rs9653442 (0.41)",,"rs2309837   rs13415583  rs12712067  rs13003982  rs4851252   rs11681966  rs11900482  rs11123810 
rs12987212  rs11123812  rs11692867  rs13032454  rs11690905  rs11681227  rs6740838   rs1370353  
rs2009094   rs4851269   rs6542920   rs11123814  rs1160542   rs7565895   rs11123813  rs10185059 
rs4850923   rs10185510  rs4851257   rs13013594  rs4851258   rs4851261   rs2164711   rs2309756  
rs9653442   rs2309753   rs10865035  rs4851253   rs10496344  rs12712071  rs11123809  rs7590378  
rs10197987  rs6729966   rs6707067   rs12992234  rs4851256   rs11676922  rs6712515   rs11687586 
rs7601892   rs7593261   rs13011181  rs2309811   rs2309748   rs7580200   rs13022707  rs11891046 
rs6739695   rs10865036  rs6713524   rs6737502   rs11680586  rs12712073  rs11902705  rs11682173 
rs13000759  rs11123808  rs11686599  rs11679078  rs11677607  rs13011874  rs4851254   rs2118280  
rs7597861   rs11123816  rs11677053  rs10167279  rs12712063  rs10209110  rs11123811  rs9308833  
rs4851273   rs11692215  rs2164712   rs4851274   rs72819191  rs115794730 rs13028981  rs11691486 
rs7599083   rs7596385   rs7583067   rs7608424 ",0.9901788,0.986604,"(0.98722,0.99136)",NA,NA,NA,NA,
2q24.2,"163,110,536",rs2111485,G>A,0.39,0.85,3.8 × 10−18,IFIH1,rs1990760 (0.91),,rs2111485 rs984971  rs2068330 rs1990760,0.9999631,0.9841984,"(0.97927,0.98458)","""rs2111485"" ""rs984971""  ""rs2068330"" ""rs1990760""",0.9900242,"(0.98773,0.99265)",0.9999631,
2q33.2,"204,738,919",rs3087243,G>A,0.45,0.84,7.4 × 10−21,CTLA4,"rs3087243 (1), rs11571316 (<0.1)",,"rs3087243  rs231723   rs231775   rs231724   rs2882971  rs6745050  rs11571297 rs34050244 rs12990970
rs1863800  rs75580568 rs231725   rs61272514 rs231727   rs13030124 rs231806   rs11571304 rs231726  
rs231804   rs231811   rs1427676 ",0.9914763,0.9525285,"(0.94667,0.95401)","""rs3087243""  ""rs231723""   ""rs231775""   ""rs231724""   ""rs2882971""  ""rs6745050""  ""rs11571297"" ""rs34050244"" ""rs12990970"" ""rs1863800""  ""rs75580568"" ""rs231725""   ""rs61272514""
""rs231727""   ""rs13030124"" ""rs231806""   ""rs11571304"" ""rs231726""   ""rs231804""   ""rs231811""   ""rs1427676""  ""rs231729""   ""rs11571302"" ""rs231746""   ""rs231764""   ""rs1024161"" 
""rs3116513""  ""rs231763""   ""rs11571315"" ""rs736611""   ""rs960792""   ""rs6748358""  ""rs1427680""  ""rs10490516"" ""rs7600322""  ""rs11571303"" ""rs231791""   ""rs231797""   ""rs231790""  
""rs2162606""  ""rs231800""   ""rs231789""   ""rs231792"" ",0.9900255,"(0.98919,0.99261)",0.9994496,
3p21.31,"46,457,412",rs113010081,T>C,0.11,0.85,4.6 × 10−8,CCR5,rs333 (0.34),,,,,,,,,,Requires more than 16gb of memory (1300 SNPs)
4q27,"123,243,596",rs75793288,C>G,0.36,1.15,5.6 × 10−13,"IL2, IL21","rs6827756 (0.98), rs4505848 (0.85)",,"rs6827756  rs6836189  rs716501   rs62322747 rs55896948 rs3136534  rs4145717  rs2069763  rs72669154
 rs11725823 rs12499753 rs11722421 rs4505848  rs7699742  rs62323898 rs7664452  rs7671357  rs56035021
 rs1904522  rs55904957 rs13147049 rs55969942",0.9940996,0.9761657,"(0.96756,0.97807)","""rs6827756""  ""rs6836189""  ""rs716501""   ""rs62322747"" ""rs55896948"" ""rs3136534""  ""rs4145717""  ""rs2069763""  ""rs72669154"" ""rs11725823"" ""rs12499753"" ""rs11722421"" ""rs4505848"" 
 ""rs7699742""  ""rs62323898"" ""rs7664452""  ""rs7671357""  ""rs56035021"" ""rs1904522""  ""rs55904957"" ""rs13147049"" ""rs55969942"" ""rs35914000"" ""rs7693745""  ""rs45454992"" ""rs17388568""
 ""rs59867199"" ""rs4833836""  ""rs6837165""  ""rs72669168"" ""rs72669169"" ""rs17005850"" ""rs45605540"" ""rs2069772""  ""rs7694328""  ""rs67448759"" ""rs79855058"" ""rs1479923""  ""rs6818415"" 
""rs67143487"" ""rs6534338""  ""rs72669139"" ""rs2069762""  ""rs4833248""  ""rs75445223"" ""rs4833832"" ",0.990099,"(0.98903,0.99475)",0.9979605,Index SNP is not in the aligned9.build37.Rdata file (ie not in x@SNPs) and the only corresponding build 36 region is D_chr13_98723872_99034738 but the index SNP is in position 100081766 (so pretty far away)
5p13.2,"35,883,251",rs11954020,C>G,0.39,1.11,4.4 × 10−8,IL7R,–,,"rs11954020  rs2194225   rs1445898   rs11957503  rs2161552   rs1445899   rs3866450   rs12522083 
rs2303137   rs1010600   rs12153578  rs7733008   rs1833907   rs11950831  rs55654952  rs6871116  
rs2287900   rs990716    rs16902573  rs11960511  rs67207043  rs62351973  rs9292614   rs12521860 
rs10472982  rs4263525   rs1053496   rs10491434  rs1494554   rs62353742  rs10491435  rs11567699 
rs11567701  rs35081631  rs3822733   rs3194051   rs987107    rs1494571   rs56113663  rs13436632 
rs57804084  rs903388    rs11950763  rs1494572   rs62355272  rs716302    rs35968532  rs57545288 
rs11949691  rs11950647  rs111459942 rs7736291   rs1008756   rs1010601   rs2361403   rs984164   
rs1025039   rs1345827   rs4024109   rs114247783 rs6871748   rs11955657  rs1010599   rs3734107  
rs6873195   rs11955690  rs10214237  rs10214273  rs75159651  rs2361394   rs114945684 rs11742270 
rs11742240  rs6897932   rs6881706   rs115886126 rs11567694  rs7717955   rs6890853   rs11567705 
rs34463936  rs111280147 rs11746643 ",0.9901063,0.9947663,"(0.99293,0.99614)","""rs11954020""  ""rs2194225""   ""rs1445898""   ""rs11957503""  ""rs2161552""   ""rs1445899""   ""rs3866450""   ""rs12522083""  ""rs2303137""   ""rs1010600""   ""rs12153578""  ""rs7733008""  
""rs1833907""   ""rs11950831""  ""rs55654952""  ""rs6871116""   ""rs2287900""   ""rs990716""    ""rs16902573""  ""rs11960511""  ""rs67207043""  ""rs62351973""  ""rs9292614""   ""rs12521860"" 
""rs10472982""  ""rs4263525""   ""rs1053496""   ""rs10491434""  ""rs1494554""   ""rs62353742""  ""rs10491435""  ""rs11567699""  ""rs11567701""  ""rs35081631""  ""rs3822733""   ""rs3194051""  
""rs987107""    ""rs1494571""   ""rs56113663""  ""rs13436632""  ""rs57804084""  ""rs903388""    ""rs11950763""  ""rs1494572""   ""rs62355272""  ""rs716302""    ""rs35968532""  ""rs57545288"" 
""rs11949691""  ""rs11950647""  ""rs111459942"" ""rs7736291""   ""rs1008756""   ""rs1010601""   ""rs2361403""   ""rs984164""    ""rs1025039""   ""rs1345827""   ""rs4024109""   ""rs114247783""
""rs6871748""   ""rs11955657""  ""rs1010599""   ""rs3734107""   ""rs6873195""   ""rs11955690""  ""rs10214237""  ""rs10214273""  ""rs75159651""  ""rs2361394""   ""rs114945684"" ""rs11742270"" 
""rs11742240""  ""rs6897932""   ""rs6881706""   ""rs115886126""",0.9900574,"(0.98873,0.99367)",0.9855948,
6q15,"90,976,768",rs72928038,G>A,0.17,1.2,6.4 × 10−14,BACH2,"rs11755527 (0.194), rs597325 (0.13)",,"rs72928038 rs2174281  rs10944479 rs1504215  rs639575   rs2325259  rs62408235 rs969577   rs597325  
rs943689   rs62408227 rs2134814  rs6899623  rs2325292  rs905670   rs905671   rs12199079 rs614120  
 rs6925032  rs45553631 rs62408211 rs2325291  rs1604831  rs62408224 rs72925996 rs17513415 rs56106243
rs10806423 rs1321859  rs1847472  rs56353819 rs62408225 rs6454805  rs62408222 rs755178   rs17711850",0.9900544,0.9907165,"(0.98942,0.99479)",NA,NA,NA,NA,
6q22.32,"126,752,884",rs1538171,C>G,0.45,1.12,7.4 × 10−10,,"rs9375435 (0.96), rs9388489 (0.98)",,"rs2326451  rs2045258  rs17754780 rs9388494  rs1361262  rs9388489  rs9398810  rs9375435  rs1572569 
rs1361109  rs2184967  rs4559102  rs4897181  rs9398808  rs9398805  rs9401883  rs1490388  rs4895808 
rs9385399  rs9372839  rs1490387  rs9375446  rs1538170  rs1159619  rs9375442  rs2152876  rs9375439 
 rs9398809  rs1538171  rs6919397  rs1361108  rs2050644  rs9388486  rs9321065  rs1361107  rs4897182 
rs9385400  rs4418209  rs1415671  rs9401882  rs1538172  rs9398803  rs2184968  rs9388501  rs4380768 
rs1844593  rs4621656  rs6921183  rs9388500  rs4621657  rs3861457  rs9401892  rs9375447  rs9372841 
rs3861456  rs1490385  rs4621655  rs4895811  rs3861455  rs9401888  rs1387916  rs9401891  rs1155939 
rs3861458  rs9375448  rs9491653  rs9482757  rs1490384  rs7740134  rs1340952  rs4629707  rs1340953 
 rs12208811 rs1538956  rs4549631  rs9388507  rs9401897  rs3905044  rs9375449  rs853987   rs7743860 
rs864937   rs853961   rs7738836  rs1826189  rs4243491  rs853965 ",0.9903378,0.9684102,"(0.96773,0.97387) ","""rs2326451""  ""rs2045258""  ""rs17754780"" ""rs9388494""  ""rs1361262""  ""rs9388489""  ""rs9398810""  ""rs9375435""  ""rs1572569""  ""rs1361109""  ""rs2184967""  ""rs4559102""  ""rs4897181"" 
""rs9398808""  ""rs9398805""  ""rs9401883""  ""rs1490388""  ""rs4895808""  ""rs9385399""  ""rs9372839""  ""rs1490387""  ""rs9375446""  ""rs1538170""  ""rs1159619""  ""rs9375442""  ""rs2152876"" 
""rs9375439""  ""rs9398809""  ""rs1538171""  ""rs6919397""  ""rs1361108""  ""rs2050644""  ""rs9388486""  ""rs9321065""  ""rs1361107""  ""rs4897182""  ""rs9385400""  ""rs4418209""  ""rs1415671"" 
""rs9401882""  ""rs1538172""  ""rs9398803""  ""rs2184968""  ""rs9388501""  ""rs4380768""  ""rs1844593""  ""rs4621656""  ""rs6921183""  ""rs9388500""  ""rs4621657""  ""rs3861457""  ""rs9401892"" 
""rs9375447""  ""rs9372841""  ""rs3861456""  ""rs1490385""  ""rs4621655""  ""rs4895811""  ""rs3861455""  ""rs9401888""  ""rs1387916""  ""rs9401891""  ""rs1155939""  ""rs3861458""  ""rs9375448"" 
 ""rs9491653""  ""rs9482757""  ""rs1490384""  ""rs7740134""  ""rs1340952""  ""rs4629707""  ""rs1340953""  ""rs12208811"" ""rs1538956""  ""rs4549631""  ""rs9388507""  ""rs9401897""  ""rs3905044"" 
""rs9375449""  ""rs853987""   ""rs7743860""  ""rs864937""   ""rs853961""   ""rs7738836""  ""rs1826189""  ""rs4243491""  ""rs853965""   ""rs6569469""  ""rs853969""   ""rs853981""   ""rs853962""  
""rs853983""   ""rs853970""   ""rs853980""   ""rs1269195""  ""rs4460221""  ""rs979197""   ""rs853975""   ""rs853971""   ""rs1015446"" ",0.990076,"(0.98801,0.99150)",0.9976547,
7p12.2,"50,465,830",rs62447205,A>G,0.28,0.89,2.5 × 10−8,IKZF1,rs10272724 (0.97),,"rs12719030 rs11770117 rs11764792 rs10272724 rs10264390 rs6956014  rs10230978 rs6964969  rs58923657
rs28696237 rs12670555 rs11978267 rs62445867 rs6969942  rs6978646  rs6960400  rs12533940 rs62445866
rs1110701  rs62447205 rs11980407 rs12718910 rs28462675 rs4132601  rs11980379 rs11763774 rs6964823 
rs6944602  rs7803247  rs730092   rs11768267 rs10215297 rs10216316 rs6952409  rs55981617 rs56156635
rs11980368 rs7809377  rs12718558 rs4992502 ",0.9901583,0.979749,"(0.97796,0.98162)","""rs12719030"" ""rs11770117"" ""rs11764792"" ""rs10272724"" ""rs10264390"" ""rs6956014""  ""rs10230978"" ""rs6964969""  ""rs58923657"" ""rs28696237"" ""rs12670555"" ""rs11978267"" ""rs62445867""
 ""rs6969942""  ""rs6978646""  ""rs6960400""  ""rs12533940"" ""rs62445866"" ""rs1110701""  ""rs62447205"" ""rs11980407"" ""rs12718910"" ""rs28462675"" ""rs4132601""  ""rs11980379"" ""rs11763774""
""rs6964823""  ""rs6944602""  ""rs7803247""  ""rs730092""   ""rs11768267"" ""rs10215297"" ""rs10216316"" ""rs6952409""  ""rs55981617"" ""rs56156635"" ""rs11980368"" ""rs7809377""  ""rs12718558""
""rs4992502""  ""rs12718541"" ""rs3779083""  ""rs10262731"" ""rs3470""     ""rs11575461"" ""rs2329365""  ""rs2167367""  ""rs10899734"" ""rs4948196""  ""rs13311361"" ""rs11238138"" ""rs10899735""
""rs3887825""  ""rs12718527"" ""rs4436083""  ""rs4579483"" ",0.9900705,"(0.98977,0.99278)",0.9959581,
7p12.1,"51,028,987",rs10277986,A>T,0.04,0.76,1.4 × 10−7,,"rs4948088 (0.86), rs10231420 (<0.1)",,"rs7780389 rs7790800 rs7803628 rs4948088 rs1016432 rs917072  rs4947530 rs7800611 rs2189822 rs1859477
rs1018942",0.9960149,0.9751985,"(0.971965,0.979178)","""rs7780389""  ""rs7790800""  ""rs7803628""  ""rs4948088""  ""rs1016432""  ""rs917072""   ""rs4947530""  ""rs7800611""  ""rs2189822""  ""rs1859477""  ""rs1018942""  ""rs2214495""  ""rs1024472"" 
""rs6943902""  ""rs10262964""",0.9900799,"(0.98926,0.99352)",0.9973415,"Index SNP is not in the aligned9.build37.rdata. It is in the build 36 method (giving CS nvar = 13, claimed cov = 0.99635 and corrected cov = 0.9870171 - so pretty close to what we get here)"
9p24.2,"4,290,823",rs6476839,A>T,0.4,1.12,1.0 × 10−9,GLIS3,"rs10758593 (0.98), rs7020673 (0.66)",,"rs10974435 rs7867224  rs10814914 rs7020673  rs4380994  rs10758591 rs4339696  rs10758594 rs10814917
rs7034200  rs57884925 rs10814916 rs3892354  rs10814915 rs6476842  rs1574285  rs6476839  rs10758593",0.9947365,0.9936744,"(0.99158,0.99496)","""rs10974435"" ""rs7867224""  ""rs10814914"" ""rs7020673""  ""rs4380994""  ""rs10758591"" ""rs4339696""  ""rs10758594"" ""rs10814917"" ""rs7034200""  ""rs57884925"" ""rs10814916"" ""rs3892354"" 
""rs10814915"" ""rs6476842""  ""rs1574285""  ""rs6476839"" ",0.9900606,"(0.98602,0.99077)",0.9887904,
10p15.1,"6,094,697",rs61839660,C>T,0.1,0.62,2.8 × 10−39,IL2RA,"rs7090530 (<0.1), rs12251307 (0.61)",,rs61839660 rs12722496 rs12722495 rs12722508,0.9985256,0.950673,"(0.94683,0.95797)","""rs61839660"" ""rs12722496"" ""rs12722495"" ""rs12722508"" ""rs41295049"" ""rs41295065"" ""rs41295061""",0.9901251,"(0.986,0.9923)",0.9999977,
10q23.31,"90,035,654",rs12416116,C>A,0.28,0.85,3.9 × 10−15,,rs10509540 (0.79),,rs12416116 rs7068821  rs10509540 rs3781197  rs999951   rs3781196 ,0.9915243,0.9955489,"(0.98908,0.99562)",NA,NA,NA,NA,
12p13.31,"9,905,851",rs917911,A>C,0.36,1.1,1.9 × 10−7,CD69,"rs4763879 (1), rs10492166 (0.470)",,"rs917911    rs4763879   rs3176789   rs724667    rs3136559   rs1029994   rs1029993   rs7488011  
rs10772132  rs1029991   rs4519176   rs1029992   rs1540356   rs10844749  rs58420503  rs1029990  
rs4519175   rs1861090   rs10772083  rs4763840   rs4763839   rs10466829  rs10844597  rs7307111  
rs2401391   rs7956831   rs7306304   rs12582584  rs2192437   rs10492165  rs7977940   rs12304510 
rs2268146   rs7976584   rs10844617  rs11052710  rs2401394   rs2401395   rs2401393   rs10844472 
rs7970116   rs1044771   rs1056151   rs3764021   rs9332411   rs969367    rs741200    rs17805558 
rs7959272   rs7960328   rs7974396   rs114970683 rs114787328 rs2012643   rs2080206   rs10772108 
rs116404329 rs11052877  rs3176795   rs10844673  rs10844657  rs3176793   rs758964    rs766502   
rs16925540  rs73063540  rs117372141 rs4763237   rs10734801  rs758963    rs7310864   rs2191963  
rs2374767   rs10743778  rs10743779  rs60605691  rs17806015  rs4763299   rs59639038  rs57483180 
rs60183299  rs10734802  rs17459247  rs16907191  rs7137693   rs10772073  rs10772070  rs11053043 
rs10772137  rs10772079  rs58848817  rs10844569  rs741199    rs56400313  rs78155120  rs11052604 
rs2058560   rs17807354  rs7316342   rs117760487 rs1051065   rs2160086   rs10772046  rs7958591  
rs7297002   rs12227655  rs11052717  rs11052372  rs2160087   rs10844632  rs10844609  rs12228641 
rs10844630  rs10844615  rs2110449   rs10844636  rs10844633  rs2058425   rs10772062  rs10844638 
rs10844627  rs10844635  rs12317499  rs10844456  rs117006594 rs10844503  rs10844790  rs117117325
rs10844620  rs10844637  rs10772087  rs16914640  rs1008610  ",0.990001,0.9936066,"(0.99157,0.99692)","""rs917911""   ""rs4763879""  ""rs3176789""  ""rs724667""   ""rs3136559""  ""rs1029994""  ""rs1029993""  ""rs7488011""  ""rs10772132"" ""rs1029991""  ""rs4519176""  ""rs1029992""  ""rs1540356"" 
""rs10844749"" ""rs58420503"" ""rs1029990""  ""rs4519175""  ""rs1861090""  ""rs10772083"" ""rs4763840""  ""rs4763839""  ""rs10466829"" ""rs10844597"" ""rs7307111""  ""rs2401391""  ""rs7956831"" 
""rs7306304""  ""rs12582584"" ""rs2192437""  ""rs10492165"" ""rs7977940""  ""rs12304510"" ""rs2268146""  ""rs7976584""  ""rs10844617"" ""rs11052710"" ""rs2401394""  ""rs2401395""  ""rs2401393"" 
""rs10844472"" ""rs7970116""  ""rs1044771""  ""rs1056151""  ""rs3764021""  ""rs9332411""  ""rs969367""   ""rs741200""",0.9900114,"(0.98168,0.99006)",0.9729324,
12q13.2,"56,435,504",rs705705,G>C,0.34,1.25,4.4 × 10−32,IKZF4,"rs2292239 (0.87), rs705704 (0.99)",,rs877636   rs705705   rs705704   rs1701704  rs2292239  rs705696   rs2456973  rs772921   rs11171739,0.9932401,0.9256832,"(0.92339,0.93173)","""rs877636""   ""rs705705""   ""rs705704""   ""rs1701704""  ""rs2292239""  ""rs705696""   ""rs2456973""  ""rs772921""   ""rs11171739"" ""rs2271194""  ""rs10876870"" ""rs10876864"" ""rs773108""  
""rs773107""   ""rs705698""   ""rs705702""   ""rs705700""   ""rs773110""   ""rs705699""  ",0.9899832,"(0.98673,0.99116)",0.999887,
12q24.12,"112,007,756",rs653178,T>C,0.48,1.3,1.6 × 10−44,SH2B3,rs3184504 (0.99),,rs3184504 rs653178 ,0.9995797,0.8316913,"(0.83018,0.84254)","""rs3184504""  ""rs653178""   ""rs4766578""  ""rs10774625"" ""rs11065979""",0.9902064,"(0.99081,0.99701)",1,
13q32.3,"100,081,766",rs9585056,T>C,0.24,1.12,3.3 × 10−8,GPR183,rs9585056 (1),,rs9585056 rs9517719 rs9557222,0.9907895,0.9979656,"(0.99597,0.99993)",rs9585056,0.9905675,"(0.98161,0.99161)",0.9785891,
14q32.2,"98,488,007",rs1456988,T>G,0.27,1.12,2.9 × 10−8,,rs4900384 (0.98),,"rs4900384  rs11628807 rs4144155  rs1456988  rs4383076  rs10138574 rs10150955 rs1456989  rs10134419
 rs1350277  rs11160429 rs922407   rs1456990  rs7143039  rs28480229 rs10142119 rs1350276  rs1350275 
rs922409   rs922408   rs10137906 rs61980009 rs11622689 rs7144501  rs1350274  rs12590389",0.9953685,0.9879781,"(0.98718,0.99201)",NA,NA,NA,NA,
14q32.2,"101,306,447",rs56994090,T>C,0.41,0.88,1.1 × 10−11,,rs941576 (0.91),,rs56994090 rs1054000  rs72698768 rs8013873  rs55996894 rs2400941  rs34337125 rs8022656 ,0.9934261,0.9972676,"(0.99503,0.99843)","""rs56994090"" ""rs1054000""  ""rs72698768"" ""rs8013873""  ""rs55996894"" ""rs2400941""  ""rs34337125""",0.9901932,"(0.98468,0.99147)",0.9761429,
15q14,"38,847,022",rs72727394,C>T,0.19,1.15,3.6 × 10−10,RASGRP1,rs12908309 (<0.1),,"rs72727394 rs17651741 rs61573680 rs17652674 rs61109886 rs72729314 rs56059718 rs17574546 rs55762999
rs56249992 rs55791667 rs16967112 rs7171171  rs16967104 rs16967103 rs72729321 rs56165729 rs28438860
rs16967120",0.9904069,0.9925388,"(0.99187,0.99602)","""rs72727394"" ""rs17651741"" ""rs61573680"" ""rs17652674"" ""rs61109886"" ""rs72729314"" ""rs56059718"" ""rs17574546"" ""rs55762999"" ""rs56249992"" ""rs55791667"" ""rs16967112"" ""rs7171171"" 
""rs16967104"" ""rs16967103"" ""rs72729321"" ""rs56165729"" ""rs28438860"" ""rs16967120""",0.9900352,"(0.98925,0.99469)",0.9904069,
15q25.1,"79,234,957",rs34593439,G>A,0.1,0.78,9.0 × 10−14,CTSH,"rs3825932 (0.26), rs12148472 (0.79)",,rs34593439 rs34843303,0.9913195,0.9936316,"(0.99103,0.9964)","""rs34593439"" ""rs34843303""",0.9894904,"(0.98811,0.99505)",0.9913195,
16p11.2,"28,505,660",rs151234,G>C,0.12,1.19,4.8 × 10−11,IL27,"rs4788084 (0.1), rs9924471 (0.54)",,"rs151234   rs151233   rs231974   rs151227   rs34835    rs56236750 rs508022   rs11644791 rs151181  
rs11641853",0.99019,0.9790268,"(0.97763,0.98722)","""rs151234""   ""rs151233""   ""rs231974""   ""rs151227""   ""rs34835""    ""rs56236750"" ""rs508022""   ""rs11644791"" ""rs151181""   ""rs11641853"" ""rs151229""   ""rs3859172""  ""rs151301""  
""rs151230""   ""rs28698667"" ""rs151179""   ""rs151174""   ""rs62034323"" ""rs149271""   ""rs4788083""  ""rs4788084""  ""rs28772958""",0.9903449,"(0.98904,0.99553)",0.9965114,
16p13.13,"11,194,771",rs12927355,C>T,0.32,0.82,3.0 × 10−22,DEXI,"rs12927355 (1), rs12708716 (0.86), rs12928822 (<1)",,"rs741172   rs12928537 rs9888908  rs11648679 rs9652601  rs12935413 rs2041670  rs9652582  rs12925642
rs12924112 rs725613   rs9929994  rs2058531  rs11860603 rs8064154  rs7203793  rs11865121 rs9934969 
rs2867880  rs35732840",0.9918667,0.9704975,"(0.96664,0.97206)","""rs741172""   ""rs12928537"" ""rs9888908""  ""rs11648679"" ""rs9652601""  ""rs12935413"" ""rs2041670""  ""rs9652582""  ""rs12925642"" ""rs12924112"" ""rs725613""   ""rs9929994""  ""rs2058531"" 
""rs11860603"" ""rs8064154""  ""rs7203793""  ""rs11865121"" ""rs9934969""  ""rs2867880""  ""rs35732840"" ""rs4322688""  ""rs12930373"" ""rs2903692""  ""rs8062322"" ",0.9900741,"(0.98919,0.99193)",0.9987228,"Index SNP is not in the aligned9.build37.rdata. It is in the build 36 method (giving CS nvar = 29, claimed cov = 0.9923 and corrected cov = 0.987 - so pretty close to what we get here)"
16p13.13,"11,351,211",rs193778,A>G,0.25,1.14,4.4 × 10−10,DEXI,"rs12927355 (<0.1), rs12708716 (0.069), rs12928822 (<0.1)",,"rs6498177  rs814260   rs72771866 rs55870745 rs56350515 rs56069754 rs66718203 rs34947566 rs12928822
rs72773819 rs6498184  rs12924957 rs9932855  rs12598646 rs7191700  rs1646071  rs1630347  rs8059463 
rs2868410  rs1646069  rs243330   rs243327   rs529866 ",0.990299,0.9932827,"(0.98981,0.99437)",NA,NA,,NA,
16q23.1,"75,252,327",rs8056814,G>A,0.07,1.32,3.0 × 10−19,BCAR1,"rs7202877 (0.86), rs8056814 (1)",,rs8056814  rs8054218  rs66535165 rs7202877  rs67478528 rs9940370  rs72802365 rs72802357,0.9920644,0.9631503,"(0.95767,0.97123)","""rs8056814""  ""rs8054218""  ""rs66535165"" ""rs7202877""  ""rs67478528"" ""rs9940370""  ""rs72802365"" ""rs72802357"" ""rs55993634"" ""rs9936550""  ""rs13331385"" ""rs6564233""  ""rs72802352""",0.9900308,"(0.98556,0.99267)",0.999367,
17q12,"38,053,207",rs12453507,G>C,0.49,0.9,1.0 × 10−8,"IKZF3, ORMDL3, GSDMB",rs2290400 (0.97),,"rs12150079 rs870829   rs11078921 rs12936231 rs2313430  rs8067378  rs2290400  rs11557467 rs12103884
rs12950743 rs9901146  rs9303277  rs1008723  rs907091   rs35569035 rs35736272 rs10852935 rs57151617
rs9907088  rs11870965 rs3816470  rs12709365 rs10852936 rs883770   rs12936409 rs2305479  rs12232497
rs11557466 rs2872507  rs11078928 rs12453507 rs12949100 rs11078927 rs8069176  rs9891174  rs2305480 
rs11078926 rs4795399  rs56750287 rs10445308 rs4795395  rs9909593  rs4795400  rs907092   rs7224129 
rs7216558  rs12946510 rs7219923  rs7359623  rs921650   rs7216389  rs869402   rs1011082  rs1031459 
rs3902920  rs8076131  rs7207600  rs1031460  rs12603332 rs1007655  rs4134501  rs7219080  rs8065777 
rs7218321  rs4065275 ",0.9904096,0.9939868,"(0.98913,0.99285)",NA,NA,NA,NA,
17q21.2,"38,775,150",rs757411,T>C,0.36,0.9,1.1 × 10−7,CCR7,rs7221109 (0.95),,"rs757411    rs113561632 rs7221109   rs7223354   rs6503547   rs11658582  rs9894823   rs4890093  
 rs917595    rs4890117   rs7209735   rs3752026   rs1013971   rs917593    rs9902509   rs8068721  
rs11659024  rs11656173  rs7216890   rs9893132   rs1358173   rs1358175   rs8076587   rs7209404  
rs7223332   rs7217237   rs9896791   rs4890092   rs2315020   rs9915135   rs1048572   rs9906785  
rs2014704   rs7219483   rs9889953   rs2109223   rs11654834  rs1474454   rs6503545   rs2429549  
rs9630729   rs67138687  rs16966093  rs8074758   rs2429547   rs2462960   rs6503546   rs9303294  
rs2429548   rs2469825   rs1526601   rs55664118  rs2159430   rs2462963  ",0.990144,0.9922117,"(0.98845,0.99367)",NA,NA,NA,NA,
18p11.21,"12,809,340",rs1893217,A>G,0.16,1.21,1.2 × 10−15,PTPN2,rs1893217 (1),,"rs1893217  rs2847278  rs2542150  rs2542151  rs2847280  rs11663253 rs2847293  rs45450798 rs2847260 
rs34920518 rs888270  ",0.9962419,0.9452282,"(0.9432,0.95034)","""rs1893217""  ""rs2847278""  ""rs2542150""  ""rs2542151""  ""rs2847280""  ""rs11663253"" ""rs2847293""  ""rs45450798"" ""rs2847260""  ""rs34920518"" ""rs888270""   ""rs612058""   ""rs487273""  
""rs16939895"" ""rs515151""   ""rs547268""   ""rs11875687"" ""rs579052""   ""rs7241016""  ""rs34846641"" ""rs657555""   ""rs7234029""  ""rs514000""   ""rs484020""   ""rs534911""   ""rs34799913""
""rs12955302"" ""rs71353227"" ""rs34153303"" ""rs35954636""",0.990023,"(0.98792,0.99149)",0.9996845,
18q22.2,"67,526,644",rs1615504,C>T,0.47,1.13,1.8 × 10−11,CD226,rs763361 (0.99),,"rs1615504  rs1790947  rs1788097  rs1865761  rs1790961  rs1788232  rs17207042 rs763361   rs7244202 
rs1790588  rs3018275  rs13381239 rs1788103  rs7239671  rs1790931  rs34875178 rs727088   rs1790932 
rs1790576  rs1788229  rs1790963  rs1790575  rs1790604  rs948788   rs9950174  rs1790974 ",0.9905884,0.9921474,"(0.99012,0.99412)","""rs1615504""  ""rs1790947""  ""rs1788097""  ""rs1865761""  ""rs1790961""  ""rs1788232""  ""rs17207042"" ""rs763361""   ""rs7244202""  ""rs1790588""  ""rs3018275""  ""rs13381239"" ""rs1788103"" 
""rs7239671""  ""rs1790931""  ""rs34875178"" ""rs727088""   ""rs1790932""  ""rs1790576""  ""rs1788229""  ""rs1790963""  ""rs1790575""  ""rs1790604""  ""rs948788""   ""rs9950174"" ",0.9900246,"(0.98811,0.99205)",0.9892314,
19q13.32,"47,219,122",rs402072,T>C,0.16,0.87,4.7 × 10−8,,rs425105 (0.98),,"rs425105   rs60652743 rs402072   rs313839   rs78320072 rs874460   rs314675   rs313841   rs432157  
rs160544   rs80058612 rs1644343  rs4804000  rs313853  ",0.9909357,0.9943381,"(0.99111,0.99601)","""rs425105""   ""rs60652743"" ""rs402072""   ""rs313839""   ""rs78320072"" ""rs874460""   ""rs314675""   ""rs313841""   ""rs432157""   ""rs160544""   ""rs80058612""",0.9900526,"(0.98602,0.99211)",0.9848593,
19q13.33,"49,206,172",rs516246,T>C,0.49,0.87,5.2 × 10−14,FUT2,rs601338 (1),,"rs516246   rs485186   rs602662   rs679574   rs569970   rs504963   rs603985   rs2251034  rs632111  
rs633372   rs35866622 rs676388  ",0.9965928,0.9884128,"(0.98256,0.98757)","""rs516246""   ""rs485186""   ""rs602662""   ""rs679574""   ""rs569970""   ""rs504963""   ""rs603985""   ""rs2251034""  ""rs632111""   ""rs633372""   ""rs35866622"" ""rs676388""  ",0.9900085,"(0.9884,0.99253)",0.9965928,
20p13,"1,616,206",rs6043409,G>A,0.35,0.88,3.0 × 10−10,,rs2281808 (0.91),,"rs2250261  rs6043409  rs202523   rs1535883  rs2281808  rs3746722  rs2023565  rs62186949 rs6074927 
rs2318044  rs6043388  rs202547   rs202540   rs202550   rs202552   rs202539  ",0.9901574,0.9969104,"0.99486,0.99775)","""rs2250261""  ""rs6043409""  ""rs202523""   ""rs1535883""  ""rs2281808""  ""rs3746722""  ""rs2023565""  ""rs62186949"" ""rs6074927"" ",0.9900956,"(0.98418,0.99026)",0.9683912,
21q22.3,"43,825,357",rs11203202,C>G,0.33,1.16,1.2 × 10−15,UBASH3A,rs11203203 (0.42),,rs9981624  rs11203202 rs11203203 rs80054410,0.9993207,0.9950872,"(0.99351,0.99808)","""rs9981624""  ""rs11203202"" ""rs11203203"" ""rs80054410""",0.9901202,"(0.98902,0.99547)",0.9993207,
21q22.3,"45,621,817",rs6518350,A>G,0.18,0.88,9.6 × 10−8,ICOSLG,–,,"rs56132007  rs56299324  rs6518350   rs55736164  rs7282137   rs56178904  rs55708341  rs58911644 
rs62228210  rs9784210   rs78959226  rs78781632  rs56124762  rs77074020  rs59436644  rs75771834 
rs909424    rs7281454   rs11558819  rs11909068  rs2838522   rs17183209  rs2070561   rs2070558  
rs9784212   rs115293843 rs34560460  rs9784216   rs2838542   rs7278257   rs2070557   rs2838533  
rs4818887   rs4818888   rs2032328   rs2838532   rs2838531   rs7283760   rs7283479   rs8129605  
rs2838530  ",0.9902603,0.9971351,"(0.99509,0.99912)","""rs56132007"" ""rs56299324"" ""rs6518350""  ""rs55736164"" ""rs7282137""  ""rs56178904"" ""rs55708341"" ""rs58911644"" ""rs62228210"" ""rs9784210""  ""rs78959226"" ""rs78781632"" ""rs56124762""
""rs77074020"" ""rs59436644"" ""rs75771834"" ""rs909424""   ""rs7281454""  ""rs11558819"" ""rs11909068"" ""rs2838522""  ""rs17183209"" ""rs2070561"" ",0.9900152,"(0.99061,0.99644)",0.9802355,
22q12.2,"30,531,091",rs4820830,T>C,0.38,1.14,1.2 × 10−12,,rs5753037 (0.99),,"rs1468176  rs1548389  rs4336042  rs4820830  rs2899147  rs5753025  rs5763775  rs5753037  rs193476  
rs1989870  rs193471   rs73164755 rs41176    rs5763670  rs5763688  rs41170    rs2007446  rs5752978 
rs2285667  rs5752975  rs41173    rs5763614  rs960987   rs5752973  rs2007458  rs41157    rs73162764
rs5763565  rs9306468  rs6006300  rs5763581  rs5763671  rs3958027  rs5763649  rs41159    rs737939  
rs3788420  rs2412975  rs5763645  rs2412971  rs2412973  rs1003342  rs5997579  rs4823075  rs714027  
rs9614077  rs4823077  rs5763767  rs737911   rs41158    rs713875   rs5763638  rs4823073  rs5763559 
rs4820824  rs9306465  rs5997530  rs28749829 rs17711377",0.9904556,0.9847654,"(0.97938,0.98522)","""rs1468176""  ""rs1548389""  ""rs4336042""  ""rs4820830""  ""rs2899147""  ""rs5753025""  ""rs5763775""  ""rs5753037""  ""rs193476""   ""rs1989870""  ""rs193471""   ""rs73164755"" ""rs41176""   
""rs5763670""  ""rs5763688""  ""rs41170""    ""rs2007446""  ""rs5752978""  ""rs2285667""  ""rs5752975""  ""rs41173""    ""rs5763614""  ""rs960987""   ""rs5752973""  ""rs2007458""  ""rs41157""   
""rs73162764"" ""rs5763565""  ""rs9306468""  ""rs6006300""  ""rs5763581""  ""rs5763671""  ""rs3958027""  ""rs5763649""  ""rs41159""    ""rs737939""   ""rs3788420""  ""rs2412975""  ""rs5763645"" 
""rs2412971""  ""rs2412973""  ""rs1003342""  ""rs5997579""  ""rs4823075""  ""rs714027""   ""rs9614077""  ""rs4823077""  ""rs5763767""  ""rs737911""   ""rs41158""    ""rs713875""   ""rs5763638"" 
""rs4823073""  ""rs5763559""  ""rs4820824""  ""rs9306465""  ""rs5997530""  ""rs28749829"" ""rs17711377"" ""rs740041""   ""rs140150""   ""rs140149""   ""rs5752964""  ""rs713657""",0.990045,"(0.98728,0.99137)",0.9942354,
22q12.3,"37,587,111",rs229533,A>C,0.43,1.11,1.8 × 10−8,"C1QTNF6, RAC2","rs229541 (0.98), rs229526 (0.39)",,rs229533   rs229536   rs229541   rs229527   rs229528   rs73161834 rs6000603  rs229526  ,0.9902057,0.9985281,"(0.9946,0.99834)","""rs229533"" ""rs229536"" ""rs229541"" ""rs229527"" ""rs229528""",0.9900406,"(0.98688,0.99467)",0.9861805,
19p13.2,"10,463,118",rs34536443b,G>C,0.04,0.67,4.4 × 10−15,TYK2,rs2304256 (<0.1),,,,,,,,,,"Don't apply when there is just 1 variant in the set. Not in data file (ic_t1d) - have found it with a b on the end so running this one instead. Won't run ""no root in window"" even though (0,1). Max pp 9.885797e-01"
1q32.1,"200,814,959",rs6691977,T>C,0.19,1.13,4.3 × 10−8,,–,,,,,,,,,,No position info
2q13,"111,615,079",rs4849135,G>T,0.29,0.89,4.4 × 10−8,,–,,,,,,,,,,No position info
4q32.3,"166,574,267",rs2611215,G>A,0.15,1.18,1.8 × 10−11,,–,,,,,,,,,,No position info
17q21.31,"44,073,889",rs1052553,A>G,0.24,0.89,8.2 × 10−8,,–,,,,,,,,,,No position info
11p15.5,"2,182,224",rs689,T>A,0.3,0.42,<10−100,INS,rs7111341 (0.265),,,,,,,,,,Well studies - not genotyped well here. 